country,year,loss_pct_inside_pa,loss_pct_outside_pa,pixels_inside_pa,pixels_outside_pa
Republic of the Congo,2001,0.04472901122686968,0.1050211276991691,71340723,155377307
Republic of the Congo,2002,0.025085251799312435,0.13039742026163448,71340723,155377307
Republic of the Congo,2003,0.027620970423862964,0.10610107948389143,71340723,155377307
Republic of the Congo,2004,0.022060331516404734,0.05164589446771657,71340723,155377307
Republic of the Congo,2005,0.03970523259204985,0.0841171742022791,71340723,155377307
Republic of the Congo,2006,0.05616707865436127,0.14143249374247424,71340723,155377307
Republic of the Congo,2007,0.04383330962317273,0.12710285936414126,71340723,155377307
Republic of the Congo,2008,0.024615674276247522,0.0836312602586168,71340723,155377307
Republic of the Congo,2009,0.028083539327180634,0.08195662703820707,71340723,155377307
Republic of the Congo,2010,0.12971132911002317,0.13942126053195142,71340723,155377307
Republic of the Congo,2011,0.04279182872873324,0.14796304842637026,71340723,155377307
Republic of the Congo,2012,0.08981966723269681,0.12713825706864645,71340723,155377307
Republic of the Congo,2013,0.09884536774318925,0.2697163492478345,71340723,155377307
Republic of the Congo,2014,0.10387335154985744,0.35757860058676394,71340723,155377307
Republic of the Congo,2015,0.04243158567372523,0.23577703016824714,71340723,155377307
Republic of the Congo,2016,0.09405567700792716,0.3796230037633488,71340723,155377307
Republic of the Congo,2017,0.060358233263209285,0.2594555201037176,71340723,155377307
Republic of the Congo,2018,0.07888061353120854,0.2658612174299043,71340723,155377307
Republic of the Congo,2019,0.06628752556937222,0.3405529483143893,71340723,155377307
Republic of the Congo,2020,0.07557955363025969,0.30261047065257735,71340723,155377307
Republic of the Congo,2021,0.07751253095654777,0.151393407790238,71340723,155377307
Republic of the Congo,2022,0.11876947196063599,0.2595321078643743,71340723,155377307
Republic of the Congo,2023,0.0809747891116831,0.2364528045269828,71340723,155377307
Republic of the Congo,2024,0.721349571968874,0.4609933160960243,71340723,155377307
Republic of the Congo,2025,0.49192240454305464,0.19396719239058507,71340723,155377307
Democratic Republic of the Congo,2001,0.2647854241097918,0.21899912939665095,25457217,70162836
Democratic Republic of the Congo,2002,0.23417327982080682,0.2554799808833269,25457217,70162836
Democratic Republic of the Congo,2003,0.09776009687154727,0.0947681191222088,25457217,70162836
Democratic Republic of the Congo,2004,0.09671520653651969,0.1261080723703928,25457217,70162836
Democratic Republic of the Congo,2005,0.2861663943863149,0.20206281285437208,25457217,70162836
Democratic Republic of the Congo,2006,0.1569299582118501,0.1704620377659763,25457217,70162836
Democratic Republic of the Congo,2007,0.13562755111841174,0.20206851387820185,25457217,70162836
Democratic Republic of the Congo,2008,0.24723048084949745,0.15718150275453516,25457217,70162836
Democratic Republic of the Congo,2009,0.2421003049940612,0.2937965620431876,25457217,70162836
Democratic Republic of the Congo,2010,0.5914118577847688,0.319328597264797,25457217,70162836
Democratic Republic of the Congo,2011,0.18047534418235897,0.5614468035471086,25457217,70162836
Democratic Republic of the Congo,2012,0.2555346093015588,0.27532952060261645,25457217,70162836
Democratic Republic of the Congo,2013,0.8536871881950018,0.7023148266127669,25457217,70162836
Democratic Republic of the Congo,2014,0.7620118098533708,1.8372219161722596,25457217,70162836
Democratic Republic of the Congo,2015,0.2438011979078467,0.7289614119930956,25457217,70162836
Democratic Republic of the Congo,2016,0.5268447057665415,0.7314613109424482,25457217,70162836
Democratic Republic of the Congo,2017,0.4344072645489882,0.9124545649779606,25457217,70162836
Democratic Republic of the Congo,2018,0.773894491294944,0.7891841772188342,25457217,70162836
Democratic Republic of the Congo,2019,0.5199704272466232,0.7015238095563867,25457217,70162836
Democratic Republic of the Congo,2020,0.6537870969949308,0.6680630754435297,25457217,70162836
Democratic Republic of the Congo,2021,0.45944142283895373,0.6797458985266787,25457217,70162836
Democratic Republic of the Congo,2022,0.5557716697783579,0.5951027977261353,25457217,70162836
Democratic Republic of the Congo,2023,0.8692741237190225,1.1641091588715142,25457217,70162836
Democratic Republic of the Congo,2024,1.700048359567348,1.0242217119045758,25457217,70162836
Democratic Republic of the Congo,2025,1.1960812527150946,0.7695085187263525,25457217,70162836
Angola,2001,0.0,0.14986507354372425,0,12946312
Angola,2002,0.0,0.2549992615657648,0,12946312
Angola,2003,0.0,0.07163430017753318,0,12946312
Angola,2004,0.0,0.06463616819987035,0,12946312
Angola,2005,0.0,0.16128145220044135,0,12946312
Angola,2006,0.0,0.16115014067326663,0,12946312
Angola,2007,0.0,0.16882800290924552,0,12946312
Angola,2008,0.0,0.12173350989841741,0,12946312
Angola,2009,0.0,0.2287215077158653,0,12946312
Angola,2010,0.0,0.21550538871610694,0,12946312
Angola,2011,0.0,0.44805037913499995,0,12946312
Angola,2012,0.0,0.14318363407277687,0,12946312
Angola,2013,0.0,0.4627263733486417,0,12946312
Angola,2014,0.0,1.340343103116934,0,12946312
Angola,2015,0.0,0.44978060161071354,0,12946312
Angola,2016,0.0,0.6795139805065721,0,12946312
Angola,2017,0.0,0.6921430597377848,0,12946312
Angola,2018,0.0,0.5591862763696719,0,12946312
Angola,2019,0.0,0.5034715678101995,0,12946312
Angola,2020,0.0,0.3069677294970181,0,12946312
Angola,2021,0.0,0.3282556453142795,0,12946312
Angola,2022,0.0,0.26951304742230836,0,12946312
Angola,2023,0.0,0.6842489196923417,0,12946312
Angola,2024,0.0,0.31679292141267723,0,12946312
Angola,2025,0.0,0.405891654704444,0,12946312
Gabon,2001,0.029987479202111016,0.07199670805235951,66564448,271394353
Gabon,2002,0.09618497850384038,0.06736322918259098,66564448,271394353
Gabon,2003,0.0807172621637304,0.09511472775559188,66564448,271394353
Gabon,2004,0.06442177662165845,0.06562222022357259,66564448,271394353
Gabon,2005,0.059480700568567774,0.07848394693754,66564448,271394353
Gabon,2006,0.13672013024129637,0.08517236908020706,66564448,271394353
Gabon,2007,0.0492785578271452,0.08066527456450061,66564448,271394353
Gabon,2008,0.07282716443468441,0.059298212442909594,66564448,271394353
Gabon,2009,0.03151832641953254,0.08300688555594228,66564448,271394353
Gabon,2010,0.034375707584925815,0.05577197842432631,66564448,271394353
Gabon,2011,0.08882218928638903,0.06331192897001803,66564448,271394353
Gabon,2012,0.05668791845160348,0.08663665894330527,66564448,271394353
Gabon,2013,0.20753270574706784,0.1944594624634655,66564448,271394353
Gabon,2014,0.17492070241459826,0.18093302037128237,66564448,271394353
Gabon,2015,0.08634338859085859,0.08698596613762262,66564448,271394353
Gabon,2016,0.04863557194975913,0.16683029510197658,66564448,271394353
Gabon,2017,0.15760965973908475,0.181233321387494,66564448,271394353
Gabon,2018,0.1434219059399396,0.12385998318837532,66564448,271394353
Gabon,2019,0.1342443341526696,0.12497828206469719,66564448,271394353
Gabon,2020,0.09319389233123362,0.10486106171855389,66564448,271394353
Gabon,2021,0.051981201736999307,0.08404743778880322,66564448,271394353
Gabon,2022,0.1109135615456467,0.15583522476608053,66564448,271394353
Gabon,2023,0.08058055254961327,0.09248976525314806,66564448,271394353
Gabon,2024,0.07660095070569803,0.13540996558612994,66564448,271394353
Gabon,2025,0.0693493319436826,0.1069458508593213,66564448,271394353
Democratic Republic of the Congo,2001,0.09801432663648747,0.18151306480570287,141494621,559352023
Democratic Republic of the Congo,2002,0.05877820613406922,0.23711043233323573,141494621,559352023
Democratic Republic of the Congo,2003,0.03191923458348286,0.1108100041679835,141494621,559352023
Democratic Republic of the Congo,2004,0.06805347038598733,0.2095989558975815,141494621,559352023
Democratic Republic of the Congo,2005,0.07339996338094011,0.22724151298903947,141494621,559352023
Democratic Republic of the Congo,2006,0.07470460661539918,0.17726547133628584,141494621,559352023
Democratic Republic of the Congo,2007,0.0784142882717782,0.1782171081912758,141494621,559352023
Democratic Republic of the Congo,2008,0.071234510038371,0.1915847187344489,141494621,559352023
Democratic Republic of the Congo,2009,0.0941519890003451,0.29462340927298303,141494621,559352023
Democratic Republic of the Congo,2010,0.10162435786163207,0.2927485613116304,141494621,559352023
Democratic Republic of the Congo,2011,0.0680612445331049,0.1284836686824676,141494621,559352023
Democratic Republic of the Congo,2012,0.08129496314916453,0.20435967923548565,141494621,559352023
Democratic Republic of the Congo,2013,0.2281627370131618,0.5469768364456242,141494621,559352023
Democratic Republic of the Congo,2014,0.26175129300498284,0.6129068742100536,141494621,559352023
Democratic Republic of the Congo,2015,0.20452791629442932,0.424170272465431,141494621,559352023
Democratic Republic of the Congo,2016,0.27291708848776663,0.6597090648226724,141494621,559352023
Democratic Republic of the Congo,2017,0.25471922356680965,0.5557777342659223,141494621,559352023
Democratic Republic of the Congo,2018,0.32278470854379687,0.6564114992036062,141494621,559352023
Democratic Republic of the Congo,2019,0.24508352158489474,0.5409875848433287,141494621,559352023
Democratic Republic of the Congo,2020,0.25702531829814224,0.5256746876912609,141494621,559352023
Democratic Republic of the Congo,2021,0.27425141482940185,0.5330249784400976,141494621,559352023
Democratic Republic of the Congo,2022,0.23791717142378155,0.4939810506415206,141494621,559352023
Democratic Republic of the Congo,2023,0.2744669707267529,0.5724262840468891,141494621,559352023
Democratic Republic of the Congo,2024,0.2598741898464112,0.5479974817218101,141494621,559352023
Democratic Republic of the Congo,2025,0.2314370664309564,0.4352691864672133,141494621,559352023
Tanzania,2001,0.04622614859138653,0.1580353429620701,1635438,2128005
Tanzania,2002,0.019505478043190874,0.18317626133397244,1635438,2128005
Tanzania,2003,0.016203610286663266,0.09497158136376559,1635438,2128005
Tanzania,2004,0.02714869044256034,0.09985878792578023,1635438,2128005
Tanzania,2005,0.032957531866081136,0.1803567190866563,1635438,2128005
Tanzania,2006,0.028493895824849368,0.07152238834025296,1635438,2128005
Tanzania,2007,0.05784383143842811,0.7576110018538491,1635438,2128005
Tanzania,2008,0.019199749547216097,0.23430396075197193,1635438,2128005
Tanzania,2009,0.039805850175916174,0.4969443210894711,1635438,2128005
Tanzania,2010,0.02201245171018406,0.19727397257055315,1635438,2128005
Tanzania,2011,0.013390908123695304,0.15333610588320987,1635438,2128005
Tanzania,2012,0.050261764738253605,0.21813858520069265,1635438,2128005
Tanzania,2013,0.13568230651360677,0.28998992013646585,1635438,2128005
Tanzania,2014,0.14962352593005665,0.4119351223328893,1635438,2128005
Tanzania,2015,0.02659837914980574,0.2033829807730715,1635438,2128005
Tanzania,2016,0.011801119944626456,0.285243690686817,1635438,2128005
Tanzania,2017,0.034669611443539895,0.3002342569683812,1635438,2128005
Tanzania,2018,0.07288567344038722,0.4864650224036128,1635438,2128005
Tanzania,2019,0.055398003470629884,0.43373958237880084,1635438,2128005
Tanzania,2020,0.09477583375218138,0.2871233855183611,1635438,2128005
Tanzania,2021,0.2742384608893764,0.27335462087730056,1635438,2128005
Tanzania,2022,0.018527146856071583,0.2587399935620452,1635438,2128005
Tanzania,2023,0.054603109381095465,0.8345375128347913,1635438,2128005
Tanzania,2024,0.07838878636793324,0.6433255560959679,1635438,2128005
Tanzania,2025,0.19101916428504168,0.6286169440391353,1635438,2128005
Burundi,2001,0.11752887536603919,0.13553511650666905,656009,5622897
Burundi,2002,0.04420671057866584,0.10633308773039948,656009,5622897
Burundi,2003,0.13643105506174458,0.1204717070221987,656009,5622897
Burundi,2004,0.027438647945378796,0.08545417068817017,656009,5622897
Burundi,2005,0.060212588546803475,0.10092662198862971,656009,5622897
Burundi,2006,0.03521293152990279,0.039250229908177225,656009,5622897
Burundi,2007,0.08932804275551098,0.20238677678072353,656009,5622897
Burundi,2008,0.11432769977241165,0.22360359793181345,656009,5622897
Burundi,2009,0.059755277747713824,0.10179805890095445,656009,5622897
Burundi,2010,0.11859593389724836,0.21248833119297755,656009,5622897
Burundi,2011,0.04725544923926348,0.12518458011946512,656009,5622897
Burundi,2012,0.08780367342521216,0.06053818876639569,656009,5622897
Burundi,2013,0.1062485423218279,0.17889354900152002,656009,5622897
Burundi,2014,0.23261875980360025,0.22627126194913408,656009,5622897
Burundi,2015,0.21630800796940286,0.23717311556658427,656009,5622897
Burundi,2016,0.2829229477034614,0.2322823982014965,656009,5622897
Burundi,2017,0.19161322481856194,0.27818400372619306,656009,5622897
Burundi,2018,0.31508714057276654,0.38593984559916356,656009,5622897
Burundi,2019,0.20548498572428125,0.29479465834070945,656009,5622897
Burundi,2020,0.23475287686601862,0.2990807051952045,656009,5622897
Burundi,2021,0.14801626197201562,0.4185742687443857,656009,5622897
Burundi,2022,0.1791133963101116,0.22986371615912582,656009,5622897
Burundi,2023,0.09786451100518437,0.2762455012069401,656009,5622897
Burundi,2024,0.13749811359295375,0.31613597047927433,656009,5622897
Burundi,2025,0.17362566672103585,0.363211348171592,656009,5622897
Rwanda,2001,0.03294934116948278,0.30595158688370655,1599425,1665623
Rwanda,2002,0.01350485330665708,0.14973376328256754,1599425,1665623
Rwanda,2003,0.05433202557168983,0.262364292519976,1599425,1665623
Rwanda,2004,0.01744376885443206,0.321201136151458,1599425,1665623
Rwanda,2005,0.01981962267689951,0.14078816154676058,1599425,1665623
Rwanda,2006,0.04989293027181643,0.07708827267634993,1599425,1665623
Rwanda,2007,0.02207043156134236,0.21319350177080887,1599425,1665623
Rwanda,2008,0.042015099176266474,0.2194974493027534,1599425,1665623
Rwanda,2009,0.02163277427825625,0.279354932058455,1599425,1665623
Rwanda,2010,0.043640683370586304,0.22063816361805763,1599425,1665623
Rwanda,2011,0.02550916735701893,0.18089327536903607,1599425,1665623
Rwanda,2012,0.012754583678509466,0.1882178620252002,1599425,1665623
Rwanda,2013,0.08271722650327461,0.8311604726879973,1599425,1665623
Rwanda,2014,0.1690607562092627,1.0280237484712926,1599425,1665623
Rwanda,2015,0.055394907544898946,0.6404810692455616,1599425,1665623
Rwanda,2016,0.0869687543961111,0.9386878063043077,1599425,1665623
Rwanda,2017,0.04163996436219266,0.8026426148053911,1599425,1665623
Rwanda,2018,0.10022351782671898,1.6402271102164176,1599425,1665623
Rwanda,2019,0.03476249277083952,0.9648641979607631,1599425,1665623
Rwanda,2020,0.3166763055473061,1.1777575117538603,1599425,1665623
Rwanda,2021,0.10284946152523562,1.1693522483779342,1599425,1665623
Rwanda,2022,0.02363349328664989,0.8642411878318202,1599425,1665623
Rwanda,2023,0.04564140237897994,1.2430784157039136,1599425,1665623
Rwanda,2024,0.09828532128733763,1.4929548883510855,1599425,1665623
Rwanda,2025,0.08803163636932022,1.4134651118530424,1599425,1665623
Uganda,2001,0.06270821922537198,0.09692825796621736,2809839,2115998
Uganda,2002,0.011210606728712927,0.03879965860081153,2809839,2115998
Uganda,2003,0.010997071362451727,0.03171080501966448,2809839,2115998
Uganda,2004,0.057049532019450226,0.14636119693874947,2809839,2115998
Uganda,2005,0.06672980195662456,0.24281686466622368,2809839,2115998
Uganda,2006,0.07797599791304768,0.13350674244493613,2809839,2115998
Uganda,2007,0.047653975903957486,0.11918725821101911,2809839,2115998
Uganda,2008,0.01359508498529631,0.062476429561842683,2809839,2115998
Uganda,2009,0.12246253255079739,0.30586040251455815,2809839,2115998
Uganda,2010,0.049504615744887875,0.11086967000913989,2809839,2115998
Uganda,2011,0.043347679351023315,0.09017021755219051,2809839,2115998
Uganda,2012,0.04854370659671248,0.10184319644914598,2809839,2115998
Uganda,2013,0.08648182333578544,0.351937950792014,2809839,2115998
Uganda,2014,0.1056288278438729,0.45033123849833506,2809839,2115998
Uganda,2015,0.03889902588724834,0.26332728102767583,2809839,2115998
Uganda,2016,0.05708512124716043,0.3800098109733563,2809839,2115998
Uganda,2017,0.36076800129829506,0.6586017567124355,2809839,2115998
Uganda,2018,0.14192984010827667,0.6485355846272066,2809839,2115998
Uganda,2019,0.0902898707007768,0.5926754184077678,2809839,2115998
Uganda,2020,0.08911542618634022,0.7230630652769994,2809839,2115998
Uganda,2021,0.09345731196698458,0.861012155966121,2809839,2115998
Uganda,2022,0.09683828859945356,0.9345471971145529,2809839,2115998
Uganda,2023,0.15410135598516497,1.1905493294417102,2809839,2115998
Uganda,2024,0.11303138720759447,1.2166363106203315,2809839,2115998
Uganda,2025,0.10947246443657449,1.216258238429337,2809839,2115998
Tanzania,2001,0.043080285525306,0.06184406098661358,3546866,14242273
Tanzania,2002,0.012292542204864802,0.0292017994599598,3546866,14242273
Tanzania,2003,0.023682879477262463,0.03012861781262022,3546866,14242273
Tanzania,2004,0.013448492274588327,0.04560367576158665,3546866,14242273
Tanzania,2005,0.02965998715485727,0.07495292359583333,3546866,14242273
Tanzania,2006,0.017339251045852874,0.047359013550716235,3546866,14242273
Tanzania,2007,0.026079361329128303,0.11561356814323107,3546866,14242273
Tanzania,2008,0.013194747137331944,0.10715986135078298,3546866,14242273
Tanzania,2009,0.011954215355189625,0.12625793649651287,3546866,14242273
Tanzania,2010,0.03295867393919026,0.08891839104614832,3546866,14242273
Tanzania,2011,0.0354115435993353,0.11740401268814325,3546866,14242273
Tanzania,2012,0.05026973108090354,0.2969680471649434,3546866,14242273
Tanzania,2013,0.10056765606594666,0.32508153719564287,3546866,14242273
Tanzania,2014,0.14037744871105928,0.4296224345650445,3546866,14242273
Tanzania,2015,0.23945082785760724,0.2240583367556569,3546866,14242273
Tanzania,2016,0.0875984601617315,0.3996202010732416,3546866,14242273
Tanzania,2017,0.11153508477625036,0.5273947494195624,3546866,14242273
Tanzania,2018,0.09746632661059088,0.4793897715624465,3546866,14242273
Tanzania,2019,0.11689192656277402,0.34500813177784195,3546866,14242273
Tanzania,2020,0.10107514634045943,0.6329607640578158,3546866,14242273
Tanzania,2021,0.11567958868477128,0.5047228065351647,3546866,14242273
Tanzania,2022,0.17925684251956514,0.4106998931982276,3546866,14242273
Tanzania,2023,0.225015548938133,0.9561956858992943,3546866,14242273
Tanzania,2024,0.19507362274187973,0.7188880595112873,3546866,14242273
Tanzania,2025,0.3033382146379367,0.769504979998628,3546866,14242273
Burundi,2001,0.0,0.020453000983063595,0,1212536
Burundi,2002,0.0,0.06267855139971103,0,1212536
Burundi,2003,0.0,0.026226025454089613,0,1212536
Burundi,2004,0.0,0.023339513218576604,0,1212536
Burundi,2005,0.0,0.06952370898678473,0,1212536
Burundi,2006,0.0,0.005773024471026015,0,1212536
Burundi,2007,0.0,0.08453357261145236,0,1212536
Burundi,2008,0.0,0.13302697816807088,0,1212536
Burundi,2009,0.0,0.10564634781977608,0,1212536
Burundi,2010,0.0,0.019133452532543362,0,1212536
Burundi,2011,0.0,0.015339750737297696,0,1212536
Burundi,2012,0.0,0.02309209788410406,0,1212536
Burundi,2013,0.0,0.054596317140274596,0,1212536
Burundi,2014,0.0,0.06861651942705206,0,1212536
Burundi,2015,0.0,0.029772311914862733,0,1212536
Burundi,2016,0.0,0.05261699446449425,0,1212536
Burundi,2017,0.0,0.14589257556064314,0,1212536
Burundi,2018,0.0,0.05072014356687142,0,1212536
Burundi,2019,0.0,0.022184908324371398,0,1212536
Burundi,2020,0.0,0.03892667929034684,0,1212536
Burundi,2021,0.0,0.05179227668291911,0,1212536
Burundi,2022,0.0,0.04981295400713876,0,1212536
Burundi,2023,0.0,0.14490291422275298,0,1212536
Burundi,2024,0.0,0.09038906886063588,0,1212536
Burundi,2025,0.0,0.18193274261547698,0,1212536
Uganda,2001,0.07693388271549675,0.1394093839004647,1373907,1734460
Uganda,2002,0.03326280454208327,0.06895517913356318,1373907,1734460
Uganda,2003,0.011863976237110663,0.03672612801678909,1373907,1734460
Uganda,2004,0.029186837245898014,0.10614254580676406,1373907,1734460
Uganda,2005,0.03151596141514673,0.14194619651072957,1373907,1734460
Uganda,2006,0.022781745780464033,0.08037083587975508,1373907,1734460
Uganda,2007,0.041487524264742816,0.08192751634514488,1373907,1734460
Uganda,2008,0.031079250633412596,0.08434901929130681,1373907,1734460
Uganda,2009,0.0725667748981554,0.19602642897501238,1373907,1734460
Uganda,2010,0.0395223257469392,0.08371481613874059,1373907,1734460
Uganda,2011,0.023364026822776215,0.042779885382193884,1373907,1734460
Uganda,2012,0.04978502911769137,0.11023603888241874,1373907,1734460
Uganda,2013,0.1612918487204738,0.5964968924045524,1373907,1734460
Uganda,2014,0.230001011713311,0.30487875188819574,1373907,1734460
Uganda,2015,0.5437777083892869,0.2851031444945401,1373907,1734460
Uganda,2016,0.41873285455274634,0.44884286752072694,1373907,1734460
Uganda,2017,0.31275770485192955,0.5387844055210267,1373907,1734460
Uganda,2018,0.4247012352364461,0.7453616687614589,1373907,1734460
Uganda,2019,0.5584803047076694,0.6799810892150872,1373907,1734460
Uganda,2020,0.4653153379377207,0.7528567969281506,1373907,1734460
Uganda,2021,0.24106435151724243,0.5766059753467938,1373907,1734460
Uganda,2022,0.1331240032986221,0.6487321702431881,1373907,1734460
Uganda,2023,0.204089505330419,0.705983418470302,1373907,1734460
Uganda,2024,0.1674785847950407,0.7530874162563564,1373907,1734460
Uganda,2025,0.19237109935388638,1.0274667619893223,1373907,1734460
Indonesia,2001,0.10618882046190567,0.10609995428963644,1911689,3467485
Indonesia,2002,0.13726082014386232,0.3596843245176259,1911689,3467485
Indonesia,2003,0.02683490881623528,0.12403802756176306,1911689,3467485
Indonesia,2004,0.14855972911911927,0.49733452343701556,1911689,3467485
Indonesia,2005,0.07019970298516129,0.2616017084428628,1911689,3467485
Indonesia,2006,0.4690616517644868,0.6647757668742619,1911689,3467485
Indonesia,2007,0.08123706314154655,0.7257998232148084,1911689,3467485
Indonesia,2008,0.07286750093765251,0.5984164315058321,1911689,3467485
Indonesia,2009,0.15630157415772128,1.6943692618713562,1911689,3467485
Indonesia,2010,0.0648117973164045,1.210416195023194,1911689,3467485
Indonesia,2011,0.05764535967932022,4.961175030317363,1911689,3467485
Indonesia,2012,0.16226488722799576,4.172476593265724,1911689,3467485
Indonesia,2013,0.180573304549014,5.522994331626525,1911689,3467485
Indonesia,2014,0.22953524344179413,2.1269882926674524,1911689,3467485
Indonesia,2015,0.41465949743917546,2.0269446010581156,1911689,3467485
Indonesia,2016,1.2110756509034681,1.0743233207930243,1911689,3467485
Indonesia,2017,0.14855972911911927,1.118130287513861,1911689,3467485
Indonesia,2018,0.09954548046256478,0.3419481266681759,1911689,3467485
Indonesia,2019,0.1614802407713807,0.33909303140460595,1911689,3467485
Indonesia,2020,0.1656127121095534,0.16464382686586965,1911689,3467485
Indonesia,2021,0.21614394391556366,0.2570739311056861,1911689,3467485
Indonesia,2022,0.602294620097725,0.9097948513115413,1911689,3467485
Indonesia,2023,0.2888022057981188,2.7071494180940943,1911689,3467485
Indonesia,2024,0.24057260359817945,1.6332875268386164,1911689,3467485
Indonesia,2025,0.1167553927443219,0.4078460324990591,1911689,3467485
Indonesia,2001,0.08379672697389005,0.4371502958878875,17259624,164655270
Indonesia,2002,0.41264514221167276,0.5739549059073542,17259624,164655270
Indonesia,2003,1.2467479013447802,0.7070256542654239,17259624,164655270
Indonesia,2004,0.2551156386720823,0.8553634511667922,17259624,164655270
Indonesia,2005,0.1600903936261879,0.7117561436084007,17259624,164655270
Indonesia,2006,0.19674240875699264,1.135588918593374,17259624,164655270
Indonesia,2007,1.6813923640514996,1.6710658577766748,17259624,164655270
Indonesia,2008,0.16850309137672986,1.282318507023796,17259624,164655270
Indonesia,2009,0.12902946205548857,1.473632152800211,17259624,164655270
Indonesia,2010,0.06658893612050877,0.9929296523579233,17259624,164655270
Indonesia,2011,0.07036074482271455,0.9621593041024439,17259624,164655270
Indonesia,2012,0.15996872237772966,1.6383969975573813,17259624,164655270
Indonesia,2013,0.055203983586200954,0.8721524673944538,17259624,164655270
Indonesia,2014,0.27667462512508967,1.540718374820314,17259624,164655270
Indonesia,2015,0.7726819541375872,1.79198455050968,17259624,164655270
Indonesia,2016,6.029905402342484,3.2057200477093746,17259624,164655270
Indonesia,2017,0.15163134492385233,0.8569206439611682,17259624,164655270
Indonesia,2018,0.08223238235085538,0.8244024014536553,17259624,164655270
Indonesia,2019,0.24056143980888572,0.9213522288111398,17259624,164655270
Indonesia,2020,0.10508919545408404,0.7618608259547357,17259624,164655270
Indonesia,2021,0.030556864969943726,0.4772534763084109,17259624,164655270
Indonesia,2022,0.035545386156732035,0.6761526673273197,17259624,164655270
Indonesia,2023,0.1541458840586562,1.1734972102623864,17259624,164655270
Indonesia,2024,0.05387718759110859,0.977290310841554,17259624,164655270
Indonesia,2025,0.06938158096607434,0.7465591596309065,17259624,164655270
Nigeria,2001,0.2271870616918126,0.08687851849537291,15923442,7680840
Nigeria,2002,0.512445738804462,0.24844938834814942,15923442,7680840
Nigeria,2003,0.05426590557493788,0.04271668202956968,15923442,7680840
Nigeria,2004,0.06278165235883046,0.06353471755693388,15923442,7680840
Nigeria,2005,0.10964965991649292,0.0773092526338265,15923442,7680840
Nigeria,2006,0.15076514236055244,0.14469771535404982,15923442,7680840
Nigeria,2007,0.1173992406918052,0.10691538946261087,15923442,7680840
Nigeria,2008,0.24857690943955457,0.1755016378416944,15923442,7680840
Nigeria,2009,0.20751166738950033,0.1002885101108733,15923442,7680840
Nigeria,2010,0.28336838228820127,0.21647371902031548,15923442,7680840
Nigeria,2011,0.2521125771676752,0.09858296748793101,15923442,7680840
Nigeria,2012,0.366045230673117,0.15483983522635547,15923442,7680840
Nigeria,2013,0.4081906411942845,0.2333859317470485,15923442,7680840
Nigeria,2014,0.5253323998668127,0.8546070481874378,15923442,7680840
Nigeria,2015,0.34670895903034027,0.3009827050166388,15923442,7680840
Nigeria,2016,0.703572757698995,0.3788387728425537,15923442,7680840
Nigeria,2017,0.9509564577809245,1.160094468834138,15923442,7680840
Nigeria,2018,0.9990239547454627,0.8586691039000942,15923442,7680840
Nigeria,2019,0.6192630965089081,0.77353518625567,15923442,7680840
Nigeria,2020,0.7372024214362699,0.717590784341296,15923442,7680840
Nigeria,2021,0.7327812667638065,0.5826055483514824,15923442,7680840
Nigeria,2022,0.5873855665125668,0.7974518412048681,15923442,7680840
Nigeria,2023,0.650430980939925,0.6092953374891288,15923442,7680840
Nigeria,2024,0.6674813146554621,0.5599778149264923,15923442,7680840
Nigeria,2025,1.1714175867252823,1.1369850172637368,15923442,7680840
Cameroon,2001,0.011596051544449114,0.1344631386534767,8278680,27728789
Cameroon,2002,0.016645165654428,0.12577902338252134,8278680,27728789
Cameroon,2003,0.0057376296704305515,0.06913031795221926,8278680,27728789
Cameroon,2004,0.003853271294457571,0.0301672027581154,8278680,27728789
Cameroon,2005,0.008697038658336835,0.06190317218685605,8278680,27728789
Cameroon,2006,0.017200809790932855,0.0856835110974374,8278680,27728789
Cameroon,2007,0.0197253668459223,0.11510780366210728,8278680,27728789
Cameroon,2008,0.016174076060434753,0.05976099425041606,8278680,27728789
Cameroon,2009,0.015509718940700691,0.07328123849909204,8278680,27728789
Cameroon,2010,0.08972444882517502,0.20681032987051834,8278680,27728789
Cameroon,2011,0.014386351447332184,0.12337718751439164,8278680,27728789
Cameroon,2012,0.01611367995864075,0.13330910340152252,8278680,27728789
Cameroon,2013,0.035295481888416996,0.23394097737192923,8278680,27728789
Cameroon,2014,0.12011576724791875,0.6425271583263157,8278680,27728789
Cameroon,2015,0.01843289026753057,0.22972514234213404,8278680,27728789
Cameroon,2016,0.013323380055757682,0.23715785063675157,8278680,27728789
Cameroon,2017,0.034872709175858954,0.5695957367629723,8278680,27728789
Cameroon,2018,0.023385370614639047,0.3674772814636802,8278680,27728789
Cameroon,2019,0.02092120966144361,0.20409834702842597,8278680,27728789
Cameroon,2020,0.037228157145825176,0.32364558005039457,8278680,27728789
Cameroon,2021,0.03298835079988597,0.5150351138666748,8278680,27728789
Cameroon,2022,0.037989148028429655,0.5471064747905147,8278680,27728789
Cameroon,2023,0.05124005276203453,0.5172313872055502,8278680,27728789
Cameroon,2024,0.09658544598897409,0.4143563572141575,8278680,27728789
Cameroon,2025,0.07646146487121135,0.364282046359832,8278680,27728789
Gabon,2001,0.02388192357084621,0.22804794514025686,2286248,12601736
Gabon,2002,0.006823406734527487,0.04989788708476356,2286248,12601736
Gabon,2003,0.009972671381232482,0.09335221750400104,2286248,12601736
Gabon,2004,0.018983067453749548,0.05256418639463642,2286248,12601736
Gabon,2005,0.016621118968720802,0.3714091455335995,2286248,12601736
Gabon,2006,0.010847467116428314,0.16899258959241806,2286248,12601736
Gabon,2007,0.03088028945241286,0.21312936566834917,2286248,12601736
Gabon,2008,0.013909252189613726,0.1931162500150773,2286248,12601736
Gabon,2009,0.02458176015900287,0.14807483667329643,2286248,12601736
Gabon,2010,0.006123570146370823,0.13129937018201301,2286248,12601736
Gabon,2011,0.015133966218887891,0.4672213415675428,2286248,12601736
Gabon,2012,0.004024060381900826,0.18454600223334308,2286248,12601736
Gabon,2013,0.008223079910840819,0.5160400122649768,2286248,12601736
Gabon,2014,0.025981433335316204,0.6051388475365617,2286248,12601736
Gabon,2015,0.004811376543577075,0.25629802116152883,2286248,12601736
Gabon,2016,0.013646813469054974,0.4717127862383405,2286248,12601736
Gabon,2017,0.03726629831934244,0.5941562337125614,2286248,12601736
Gabon,2018,0.0016621118968720803,0.5198013987914046,2286248,12601736
Gabon,2019,0.004811376543577075,0.6300877910789434,2286248,12601736
Gabon,2020,0.0013996731763133308,0.219160280774014,2286248,12601736
Gabon,2021,0.0077856820432429035,0.32849442330802675,2286248,12601736
Gabon,2022,0.007260804602125403,0.3503009426637727,2286248,12601736
Gabon,2023,0.0016621118968720803,0.24387116187801428,2286248,12601736
Gabon,2024,0.01075998754290873,0.34487311906867435,2286248,12601736
Gabon,2025,0.011634783278104563,0.7230273670230831,2286248,12601736
Equatorial Guinea,2001,0.0,0.20153002900036932,3084,14131889
Equatorial Guinea,2002,0.0,0.050849536109433074,3084,14131889
Equatorial Guinea,2003,0.0,0.09480685844617093,3084,14131889
Equatorial Guinea,2004,0.0,0.040107872344595966,3084,14131889
Equatorial Guinea,2005,0.0,0.05100521239587998,3084,14131889
Equatorial Guinea,2006,0.0,0.03948516719880831,3084,14131889
Equatorial Guinea,2007,0.0,0.30629309358430423,3084,14131889
Equatorial Guinea,2008,0.06485084306095978,0.2182369250140586,3084,14131889
Equatorial Guinea,2009,0.12970168612191957,0.24255780667396978,3084,14131889
Equatorial Guinea,2010,0.0,0.4717486812980204,3084,14131889
Equatorial Guinea,2011,0.0,0.4082469088173562,3084,14131889
Equatorial Guinea,2012,0.0,0.29989621345030376,3084,14131889
Equatorial Guinea,2013,0.0,0.659119244426559,3084,14131889
Equatorial Guinea,2014,0.0,0.7291877257173475,3084,14131889
Equatorial Guinea,2015,0.0,0.3138504696718181,3084,14131889
Equatorial Guinea,2016,0.12970168612191957,0.45605368114623607,3084,14131889
Equatorial Guinea,2017,0.0,0.31627052830658375,3084,14131889
Equatorial Guinea,2018,0.0,0.4165543615577507,3084,14131889
Equatorial Guinea,2019,0.0,0.2856164522662186,3084,14131889
Equatorial Guinea,2020,0.0,0.05427441441126519,3084,14131889
Equatorial Guinea,2021,0.5836575875486382,0.18761822994788596,3084,14131889
Equatorial Guinea,2022,0.0,0.3338124153112157,3084,14131889
Equatorial Guinea,2023,0.0,0.2124556738310073,3084,14131889
Equatorial Guinea,2024,0.0,0.17862438630815738,3084,14131889
Equatorial Guinea,2025,0.0,0.1822827790396599,3084,14131889
Republic of the Congo,2001,0.04555177168984107,0.06117672536795931,186954309,177315800
Republic of the Congo,2002,0.027744746979862334,0.057386313007639474,186954309,177315800
Republic of the Congo,2003,0.05108895350467691,0.03395128916881632,186954309,177315800
Republic of the Congo,2004,0.01494001403305446,0.015957404811077186,186954309,177315800
Republic of the Congo,2005,0.03502032146260935,0.025370553554731164,186954309,177315800
Republic of the Congo,2006,0.03873352820126762,0.05477176878766585,186954309,177315800
Republic of the Congo,2007,0.050738600520836355,0.06236048902579465,186954309,177315800
Republic of the Congo,2008,0.01105350291765674,0.030471057852712504,186954309,177315800
Republic of the Congo,2009,0.016798756962590256,0.035920092851285675,186954309,177315800
Republic of the Congo,2010,0.10613395383146798,0.1343568931815439,186954309,177315800
Republic of the Congo,2011,0.03684804076914858,0.08667078737484195,186954309,177315800
Republic of the Congo,2012,0.05762156570566127,0.08956393056907506,186954309,177315800
Republic of the Congo,2013,0.05639238836693515,0.1647687346530879,186954309,177315800
Republic of the Congo,2014,0.08723842786635103,0.18427348267892651,186954309,177315800
Republic of the Congo,2015,0.04344804911664272,0.09907577328134322,186954309,177315800
Republic of the Congo,2016,0.11625514338907267,0.61238930766463,186954309,177315800
Republic of the Congo,2017,0.08347815080314624,0.2002303235244688,186954309,177315800
Republic of the Congo,2018,0.0775210802977534,0.17558897740641274,186954309,177315800
Republic of the Congo,2019,0.0771819600049978,0.18731720467098814,186954309,177315800
Republic of the Congo,2020,0.0883643714251058,0.1681767783807196,186954309,177315800
Republic of the Congo,2021,0.05285730001548132,0.14598755440857497,186954309,177315800
Republic of the Congo,2022,0.06902595649721023,0.18055356601047395,186954309,177315800
Republic of the Congo,2023,0.04933290946506079,0.16002804036639715,186954309,177315800
Republic of the Congo,2024,0.1941822052360398,0.19649574375210782,186954309,177315800
Republic of the Congo,2025,0.07562596484470438,0.14647933235504113,186954309,177315800
Central African Republic,2001,0.05991329611748561,0.16296802150280484,14759662,55003429
Central African Republic,2002,0.028821798222750633,0.11912348228325911,14759662,55003429
Central African Republic,2003,0.007947336463395977,0.026374719292500837,14759662,55003429
Central African Republic,2004,0.011145241672878418,0.03968843469740768,14759662,55003429
Central African Republic,2005,0.017398772410912932,0.09597038031937973,14759662,55003429
Central African Republic,2006,0.047568839991051284,0.1749563649931716,14759662,55003429
Central African Republic,2007,0.03470269170120562,0.16495698840884992,14759662,55003429
Central African Republic,2008,0.023381294232889614,0.11762903000102048,14759662,55003429
Central African Republic,2009,0.014309270767853627,0.15532849779238309,14759662,55003429
Central African Republic,2010,0.13238785549425183,0.28450044450865053,14759662,55003429
Central African Republic,2011,0.031389607702398604,0.13070821457331325,14759662,55003429
Central African Republic,2012,0.03550216800357624,0.22733491761031846,14759662,55003429
Central African Republic,2013,0.04202670765766858,0.1663696276099441,14759662,55003429
Central African Republic,2014,0.0668714500372705,0.2441138715188102,14759662,55003429
Central African Republic,2015,0.031105048340537882,0.15277411159220636,14759662,55003429
Central African Republic,2016,0.14780826281794257,0.5703098983156123,14759662,55003429
Central African Republic,2017,0.13631748477709044,0.31461129450674796,14759662,55003429
Central African Republic,2018,0.061952638210820817,0.2237933202309987,14759662,55003429
Central African Republic,2019,0.09080153732517723,0.3593066897701959,14759662,55003429
Central African Republic,2020,0.14587054906812907,0.3795817893462606,14759662,55003429
Central African Republic,2021,0.10790219992842655,0.4636638199411168,14759662,55003429
Central African Republic,2022,0.061485147830621055,0.3415387066140913,14759662,55003429
Central African Republic,2023,0.06337543502012445,0.29367078187070844,14759662,55003429
Central African Republic,2024,0.12406110654837488,0.370200556041697,14759662,55003429
Central African Republic,2025,0.08353172315192584,0.5578324944068488,14759662,55003429
Cameroon,2001,0.012241480952165925,0.11638160350901791,56847697,413607465
Cameroon,2002,0.005669534862599622,0.07411616712478823,56847697,413607465
Cameroon,2003,0.005409190103162842,0.08883785499374389,56847697,413607465
Cameroon,2004,0.006795350038542459,0.06648066663883835,56847697,413607465
Cameroon,2005,0.005527048879394357,0.06779954999119757,56847697,413607465
Cameroon,2006,0.006835809021427904,0.10155039150466011,56847697,413607465
Cameroon,2007,0.012086681365473785,0.12187642696439244,56847697,413607465
Cameroon,2008,0.004485669841647236,0.11845966078005869,56847697,413607465
Cameroon,2009,0.012969742644103948,0.11763158094837578,56847697,413607465
Cameroon,2010,0.013879190215920267,0.11390123241610255,56847697,413607465
Cameroon,2011,0.008513977268067692,0.08427894307952107,56847697,413607465
Cameroon,2012,0.013705040680891612,0.14697196047948508,56847697,413607465
Cameroon,2013,0.030421636957430307,0.3160542569027375,56847697,413607465
Cameroon,2014,0.058487857476442716,0.8227428873896171,56847697,413607465
Cameroon,2015,0.019613811268379088,0.32084212986823146,56847697,413607465
Cameroon,2016,0.03834632034434042,0.4954185244214584,56847697,413607465
Cameroon,2017,0.04092338164552207,0.6536559972388313,56847697,413607465
Cameroon,2018,0.03327839296638525,0.5221390286077162,56847697,413607465
Cameroon,2019,0.033464856104900784,0.4753860039735985,56847697,413607465
Cameroon,2020,0.03973775753835727,0.9744988524324627,56847697,413607465
Cameroon,2021,0.035653159353139674,0.635845873816615,56847697,413607465
Cameroon,2022,0.025955317064119587,0.5950032840920799,56847697,413607465
Cameroon,2023,0.03596627669894877,0.6941206924299589,56847697,413607465
Cameroon,2024,0.030571159285485212,0.735457470527037,56847697,413607465
Cameroon,2025,0.038550374344980064,0.7188421998137775,56847697,413607465
Gabon,2001,0.006476593208949659,0.0402299219995484,31837726,189485826
Gabon,2002,0.003769113409670025,0.03331330967203848,31837726,189485826
Gabon,2003,0.009290864554836612,0.03007929469088627,31837726,189485826
Gabon,2004,0.0019850663957595464,0.0074295794557214,31837726,189485826
Gabon,2005,0.01228730971552428,0.05071619446617606,31837726,189485826
Gabon,2006,0.005685079392918954,0.03619373620061692,31837726,189485826
Gabon,2007,0.016665763126424295,0.0530171581277008,31837726,189485826
Gabon,2008,0.00402038763698136,0.0698585233493929,31837726,189485826
Gabon,2009,0.04641034978440357,0.08405905779992219,31837726,189485826
Gabon,2010,0.006778122281723261,0.020737171127512197,31837726,189485826
Gabon,2011,0.0024499237162855163,0.05699318111529883,31837726,189485826
Gabon,2012,0.0009674057751486398,0.06615059429300005,31837726,189485826
Gabon,2013,0.013210742500893437,0.12585849033373084,31837726,189485826
Gabon,2014,0.048514771438136,0.21458386021970843,31837726,189485826
Gabon,2015,0.0008606142285413224,0.12051983244382616,31837726,189485826
Gabon,2016,0.0007538226819340049,0.11754652297845222,31837726,189485826
Gabon,2017,0.005553160423580504,0.11166323332279218,31837726,189485826
Gabon,2018,0.0007538226819340049,0.07799000227067115,31837726,189485826
Gabon,2019,0.0035806577391865237,0.08504277253961993,31837726,189485826
Gabon,2020,0.0032225919652678716,0.06940677452043299,31837726,189485826
Gabon,2021,0.0011621433013149244,0.06738551515721286,31837726,189485826
Gabon,2022,0.0015641820650130602,0.08415088524879956,31837726,189485826
Gabon,2023,0.0013820082502123425,0.062112297518232315,31837726,189485826
Gabon,2024,0.0007035678364717379,0.09113504880306984,31837726,189485826
Gabon,2025,0.0031032367072949874,0.05011245537700535,31837726,189485826
Equatorial Guinea,2001,0.005626195566557893,0.12746069904615512,35548,49565082
Equatorial Guinea,2002,0.0,0.1215855952785471,35548,49565082
Equatorial Guinea,2003,0.0,0.06951668111837281,35548,49565082
Equatorial Guinea,2004,0.005626195566557893,0.009599499906002375,35548,49565082
Equatorial Guinea,2005,0.0,0.05033382170133401,35548,49565082
Equatorial Guinea,2006,0.11815010689771577,0.044418366946311114,35548,49565082
Equatorial Guinea,2007,0.045009564532463145,0.07062229817354079,35548,49565082
Equatorial Guinea,2008,0.005626195566557893,0.1876563020716883,35548,49565082
Equatorial Guinea,2009,0.005626195566557893,0.2021665171460828,35548,49565082
Equatorial Guinea,2010,0.0,0.1211780503056567,35548,49565082
Equatorial Guinea,2011,0.01687858669967368,0.2706542480853759,35548,49565082
Equatorial Guinea,2012,0.0,0.16999467488019088,35548,49565082
Equatorial Guinea,2013,0.005626195566557893,0.17499416222089573,35548,49565082
Equatorial Guinea,2014,0.0,0.7277946196074083,35548,49565082
Equatorial Guinea,2015,0.0,0.29706396934842155,35548,49565082
Equatorial Guinea,2016,0.0,0.3574653624097706,35548,49565082
Equatorial Guinea,2017,0.056261955665578935,0.5026562853260286,35548,49565082
Equatorial Guinea,2018,0.0,0.2780384787823008,35548,49565082
Equatorial Guinea,2019,0.0,0.3989824933609511,35548,49565082
Equatorial Guinea,2020,0.0,0.22462991183995218,35548,49565082
Equatorial Guinea,2021,0.13502869359738945,0.3804089338538772,35548,49565082
Equatorial Guinea,2022,0.6807696635535051,0.2904827233010529,35548,49565082
Equatorial Guinea,2023,0.11252391133115787,0.35680764131490794,35548,49565082
Equatorial Guinea,2024,0.011252391133115786,0.3226828112581353,35548,49565082
Equatorial Guinea,2025,0.0,0.18465822370676194,35548,49565082
Democratic Republic of the Congo,2001,0.04218416031111262,0.10283744514880458,15216612,102932351
Democratic Republic of the Congo,2002,0.06872094786934174,0.2556611186312066,15216612,102932351
Democratic Republic of the Congo,2003,0.29909417418279444,0.1317399230490713,15216612,102932351
Democratic Republic of the Congo,2004,0.013734989102699076,0.05355459140343545,15216612,102932351
Democratic Republic of the Congo,2005,0.1211899205946764,0.24427208507070822,15216612,102932351
Democratic Republic of the Congo,2006,0.09377908827536642,0.18943218347359034,15216612,102932351
Democratic Republic of the Congo,2007,0.2556876655591928,0.3867452711732971,15216612,102932351
Democratic Republic of the Congo,2008,0.07589074361625307,0.17496928638111064,15216612,102932351
Democratic Republic of the Congo,2009,0.14919221177486816,0.3940840717803094,15216612,102932351
Democratic Republic of the Congo,2010,0.2923515431687422,0.46908770207726047,15216612,102932351
Democratic Republic of the Congo,2011,0.15799180527176485,0.5800469863940055,15216612,102932351
Democratic Republic of the Congo,2012,0.2592627057849671,0.5033189225416604,15216612,102932351
Democratic Republic of the Congo,2013,0.21034248622492313,0.41001589480842615,15216612,102932351
Democratic Republic of the Congo,2014,0.4768012748172852,0.7433736746185852,15216612,102932351
Democratic Republic of the Congo,2015,0.41860829467163907,0.5059750359728984,15216612,102932351
Democratic Republic of the Congo,2016,0.6958382062971705,0.9215285483958293,15216612,102932351
Democratic Republic of the Congo,2017,0.6115027445005498,0.8741352852224273,15216612,102932351
Democratic Republic of the Congo,2018,0.6091960549431109,0.8784973734836776,15216612,102932351
Democratic Republic of the Congo,2019,0.7073913693797279,0.8370866803576652,15216612,102932351
Democratic Republic of the Congo,2020,0.5874829429836287,0.7291653136340002,15216612,102932351
Democratic Republic of the Congo,2021,0.48268300460049846,0.6432962946702733,15216612,102932351
Democratic Republic of the Congo,2022,0.620197189755512,0.5833948162711255,15216612,102932351
Democratic Republic of the Congo,2023,0.6116867539239352,0.6577873656067567,15216612,102932351
Democratic Republic of the Congo,2024,1.344767153161295,0.7402978680628794,15216612,102932351
Democratic Republic of the Congo,2025,0.6999455594977384,0.6886794998007963,15216612,102932351
Nigeria,2001,0.02445580547923668,0.041414464776247946,7568755,10136555
Nigeria,2002,0.016369931382373984,0.09176687740558799,7568755,10136555
Nigeria,2003,0.045053644886114026,0.1212246172392889,7568755,10136555
Nigeria,2004,0.07474148654567363,0.19870656253529922,7568755,10136555
Nigeria,2005,0.015445076502013872,0.039323024439762815,7568755,10136555
Nigeria,2006,0.10431041829204407,0.29634328428149403,7568755,10136555
Nigeria,2007,0.05010071009036493,0.1085575918051054,7568755,10136555
Nigeria,2008,0.030758030878262014,0.08209889849164731,7568755,10136555
Nigeria,2009,0.053364126596778465,0.10002412062086181,7568755,10136555
Nigeria,2010,0.015075134549869827,0.04166109689139949,7568755,10136555
Nigeria,2011,0.25103203895488757,0.5446919589544968,7568755,10136555
Nigeria,2012,0.03725843946593594,0.04581438171055156,7568755,10136555
Nigeria,2013,0.11650529050022096,0.24024927601142598,7568755,10136555
Nigeria,2014,0.11194707716130328,0.22597420918645436,7568755,10136555
Nigeria,2015,0.028062739512641117,0.15223120675614152,7568755,10136555
Nigeria,2016,0.06906023513774723,0.2390753071433046,7568755,10136555
Nigeria,2017,0.2079073771049532,0.8139353064231388,7568755,10136555
Nigeria,2018,0.15294457278640938,0.5966228171208068,7568755,10136555
Nigeria,2019,0.17510145327732235,0.7196133203045808,7568755,10136555
Nigeria,2020,0.15384300324161637,0.49403372250236893,7568755,10136555
Nigeria,2021,0.31149112370528576,0.7776902507804673,7568755,10136555
Nigeria,2022,0.2678247611397119,1.0345723966377138,7568755,10136555
Nigeria,2023,0.3509163660337797,1.3515933174535135,7568755,10136555
Nigeria,2024,0.3601781270499574,1.2774852994927763,7568755,10136555
Nigeria,2025,0.3720691183688731,1.1879973028311888,7568755,10136555
Democratic Republic of the Congo,2001,0.06582527185604448,0.24775548035289116,116394506,602724508
Democratic Republic of the Congo,2002,0.06538968428630128,0.2694091543395478,116394506,602724508
Democratic Republic of the Congo,2003,0.03356773557679776,0.14418743363925066,116394506,602724508
Democratic Republic of the Congo,2004,0.07313059948035691,0.20572931472698633,116394506,602724508
Democratic Republic of the Congo,2005,0.0688400189610324,0.21771389458747542,116394506,602724508
Democratic Republic of the Congo,2006,0.05937565472377193,0.2329382630646239,116394506,602724508
Democratic Republic of the Congo,2007,0.05900106659673438,0.3458805760060449,116394506,602724508
Democratic Republic of the Congo,2008,0.053324681836787034,0.17410707314393792,116394506,602724508
Democratic Republic of the Congo,2009,0.08845778339400315,0.3600016211718406,116394506,602724508
Democratic Republic of the Congo,2010,0.055342818328555816,0.34471337608192965,116394506,602724508
Democratic Republic of the Congo,2011,0.08750670757604316,0.2610532638238099,116394506,602724508
Democratic Republic of the Congo,2012,0.10311655087912827,0.31304683565314717,116394506,602724508
Democratic Republic of the Congo,2013,0.09747367285531501,0.5248683201048795,116394506,602724508
Democratic Republic of the Congo,2014,0.15108445066986237,0.8076303411242736,116394506,602724508
Democratic Republic of the Congo,2015,0.11536283336259874,0.586938800902385,116394506,602724508
Democratic Republic of the Congo,2016,0.16512119566880587,0.8540376128192882,116394506,602724508
Democratic Republic of the Congo,2017,0.16044228066915803,0.9313130502401937,116394506,602724508
Democratic Republic of the Congo,2018,0.13463865725758567,0.753615779632442,116394506,602724508
Democratic Republic of the Congo,2019,0.17290249077563852,0.8062502744620432,116394506,602724508
Democratic Republic of the Congo,2020,0.1566680475451307,0.8341233736591313,116394506,602724508
Democratic Republic of the Congo,2021,0.1840971772327467,0.6925416080807519,116394506,602724508
Democratic Republic of the Congo,2022,0.1875775820552905,0.7645552717428241,116394506,602724508
Democratic Republic of the Congo,2023,0.2072889935200206,0.7603249808451459,116394506,602724508
Democratic Republic of the Congo,2024,0.22578986674852164,0.768578336953904,116394506,602724508
Democratic Republic of the Congo,2025,0.225105985672554,0.7671801857441642,116394506,602724508
South Sudan,2001,0.021105893265276083,0.03496476250047775,360089,40423555
South Sudan,2002,0.02860403955688733,0.02267737214106973,360089,40423555
South Sudan,2003,0.004165636828672911,0.009420250148706615,360089,40423555
South Sudan,2004,0.019161929411895394,0.05534149581846525,360089,40423555
South Sudan,2005,0.01499629258322248,0.040092960651283635,360089,40423555
South Sudan,2006,0.011386073998372624,0.027112904839764834,360089,40423555
South Sudan,2007,0.018051092924249282,0.0643733585529526,360089,40423555
South Sudan,2008,0.024438402728214414,0.04036507922175573,360089,40423555
South Sudan,2009,0.02055047502145303,0.03990247765195317,360089,40423555
South Sudan,2010,0.002499382097203747,0.050515101900364776,360089,40423555
South Sudan,2011,0.006387309803965131,0.08828268567670508,360089,40423555
South Sudan,2012,0.011386073998372624,0.06228794078106194,360089,40423555
South Sudan,2013,0.02277214799674525,0.03980105163932267,360089,40423555
South Sudan,2014,0.10053070213197293,0.11959858552767068,360089,40423555
South Sudan,2015,0.013607746973664844,0.049847174500115096,360089,40423555
South Sudan,2016,0.022216729752922194,0.09353952169718868,360089,40423555
South Sudan,2017,0.046655132481136605,0.1402251731694553,360089,40423555
South Sudan,2018,0.026382366581595103,0.05475273018417108,360089,40423555
South Sudan,2019,0.002499382097203747,0.05366178209709661,360089,40423555
South Sudan,2020,0.04360033214010981,0.04984222688974287,360089,40423555
South Sudan,2021,0.6809427669270652,0.06125389021326798,360089,40423555
South Sudan,2022,0.05693036999186313,0.07425373646627566,360089,40423555
South Sudan,2023,0.8056341626653412,0.13005783385454348,360089,40423555
South Sudan,2024,0.05498640613848243,0.10876084500732308,360089,40423555
South Sudan,2025,0.5462538427999745,0.15915720425875457,360089,40423555
Central African Republic,2001,0.009365133397907156,0.03581285399259763,17106003,102410157
Central African Republic,2002,0.004179819213173294,0.044538550995483775,17106003,102410157
Central African Republic,2003,0.002677422656829886,0.017264889067595122,17106003,102410157
Central African Republic,2004,0.0012919441204353817,0.036155593433959875,17106003,102410157
Central African Republic,2005,0.00598620262138385,0.026785429105435313,17106003,102410157
Central African Republic,2006,0.020665260025968663,0.028030422802691336,17106003,102410157
Central African Republic,2007,0.0024435866169320794,0.030592668654926485,17106003,102410157
Central African Republic,2008,0.0011691801994890333,0.025333424691459067,17106003,102410157
Central African Republic,2009,0.008523323654275052,0.061557370720562415,17106003,102410157
Central African Republic,2010,0.00023383603989780665,0.01078213365105963,17106003,102410157
Central African Republic,2011,0.005156084679746637,0.031487111185661006,17106003,102410157
Central African Republic,2012,0.014217231225786643,0.042246786126887786,17106003,102410157
Central African Republic,2013,0.006880625473992961,0.04115216813894739,17106003,102410157
Central African Republic,2014,0.009961415299646562,0.047581217945013014,17106003,102410157
Central African Republic,2015,0.00281772428076857,0.01990622863706771,17106003,102410157
Central African Republic,2016,0.0030398685186714862,0.030225517572441567,17106003,102410157
Central African Republic,2017,0.0176546210122844,0.06026355374106105,17106003,102410157
Central African Republic,2018,0.0012042556054737042,0.019626959462624397,17106003,102410157
Central African Republic,2019,0.0015608555663178592,0.021436350302636485,17106003,102410157
Central African Republic,2020,0.002589734141868209,0.029656238101460973,17106003,102410157
Central African Republic,2021,0.0047994847189024815,0.05268032154271573,17106003,102410157
Central African Republic,2022,0.0036887635293878993,0.03675319040864277,17106003,102410157
Central African Republic,2023,0.006477258305169244,0.0342016856785016,17106003,102410157
Central African Republic,2024,0.009546356328827957,0.03692211896521162,17106003,102410157
Central African Republic,2025,0.010721382429314434,0.04703830304644489,17106003,102410157
Uganda,2001,0.14425543862366758,0.5473353915872577,929601,674358
Uganda,2002,0.0352839551592565,0.10528532322594232,929601,674358
Uganda,2003,0.08143278675474747,0.2765593349526513,929601,674358
Uganda,2004,0.05389409004508386,0.5415521132692132,929601,674358
Uganda,2005,0.05249564060279626,0.36790547454022937,929601,674358
Uganda,2006,0.11650159584595972,0.297023242847271,929601,674358
Uganda,2007,0.05819701140596879,0.3345404073207406,929601,674358
Uganda,2008,0.07228907886286698,0.19959724656636388,929601,674358
Uganda,2009,0.11391984302942876,0.3659777151008811,929601,674358
Uganda,2010,0.23709096698476015,0.2345934948499165,929601,674358
Uganda,2011,0.17620462972823825,0.2202094436486258,929601,674358
Uganda,2012,0.1754516184900834,0.37947203117631884,929601,674358
Uganda,2013,1.138768138158199,1.140640431343589,929601,674358
Uganda,2014,0.6958899570891167,0.6541036066896219,929601,674358
Uganda,2015,0.09111435981673857,0.5882632073764974,929601,674358
Uganda,2016,0.037005123703610476,0.7233546573185163,929601,674358
Uganda,2017,0.03840357314589808,1.0549292808864135,929601,674358
Uganda,2018,0.07099820245460149,1.9019571206985015,929601,674358
Uganda,2019,0.1274740453162163,0.914202841813992,929601,674358
Uganda,2020,0.7419312156505856,1.4765154413531092,929601,674358
Uganda,2021,0.39554604609934807,0.5169361081206125,929601,674358
Uganda,2022,0.11854548349238007,0.3555974719659291,929601,674358
Uganda,2023,0.13156182060905702,0.6828717090922033,929601,674358
Uganda,2024,0.028291707947818472,0.43359758466571163,929601,674358
Uganda,2025,0.12682860711208357,0.4014188309473603,929601,674358
Malaysia,2001,0.065760971182831,0.934107000265282,12060345,47975339
Malaysia,2002,0.081175123928876,0.8628162064680773,12060345,47975339
Malaysia,2003,0.04772666121906131,0.5003258028046451,12060345,47975339
Malaysia,2004,0.16584931857256158,1.415848254871112,12060345,47975339
Malaysia,2005,0.08787476643495688,1.1822136368854006,12060345,47975339
Malaysia,2006,0.0709847023447505,1.479301688728036,12060345,47975339
Malaysia,2007,0.0529006425603911,1.0691034408323827,12060345,47975339
Malaysia,2008,0.0756611854801832,1.4375239745570114,12060345,47975339
Malaysia,2009,0.040156396852660516,1.6699517224880893,12060345,47975339
Malaysia,2010,0.08946676069382759,1.7644857079592495,12060345,47975339
Malaysia,2011,0.048539241622026566,1.048715882966455,12060345,47975339
Malaysia,2012,0.1018461743839003,1.5273492908512851,12060345,47975339
Malaysia,2013,0.041715224564471416,0.8750704189917241,12060345,47975339
Malaysia,2014,0.1035376682839504,1.9032319917530964,12060345,47975339
Malaysia,2015,0.17316254219924887,1.5245978772552289,12060345,47975339
Malaysia,2016,0.19457154832635384,1.7178263190594651,12060345,47975339
Malaysia,2017,0.053049892022160226,1.4296282512980263,12060345,47975339
Malaysia,2018,0.0384980694996702,1.3944872802253674,12060345,47975339
Malaysia,2019,0.05329034948834382,1.4020369923806062,12060345,47975339
Malaysia,2020,0.04775153612935617,1.0716860176850445,12060345,47975339
Malaysia,2021,0.03803373784083291,1.0311318488025691,12060345,47975339
Malaysia,2022,0.03943502445410973,1.0620706609285242,12060345,47975339
Malaysia,2023,0.040968977255625774,1.2935124856543483,12060345,47975339
Malaysia,2024,0.09101729676887352,1.1128884362859843,12060345,47975339
Malaysia,2025,0.057510792601704185,1.0264210952214428,12060345,47975339
Indonesia,2001,0.07289361021714219,0.1713761806242504,12927059,52786799
Indonesia,2002,0.1267805770825367,0.1979358513479857,12927059,52786799
Indonesia,2003,0.04302602780725299,0.1571301946155136,12927059,52786799
Indonesia,2004,0.12484664918756849,0.251591311683817,12927059,52786799
Indonesia,2005,0.1302074973124204,0.23753097815232177,12927059,52786799
Indonesia,2006,0.08723561948622652,0.32402229959047146,12927059,52786799
Indonesia,2007,0.1336112104075645,0.43192238271542094,12927059,52786799
Indonesia,2008,0.07961594358005174,0.4656827173778808,12927059,52786799
Indonesia,2009,0.31113031974248745,0.8140463300303549,12927059,52786799
Indonesia,2010,0.05159719623775215,0.5980131509773874,12927059,52786799
Indonesia,2011,0.2228658506161378,0.7758303359140986,12927059,52786799
Indonesia,2012,0.3789570388748129,1.1710352052224269,12927059,52786799
Indonesia,2013,0.07004686835574898,0.45474437652489597,12927059,52786799
Indonesia,2014,0.17570895282523272,0.8214231743811554,12927059,52786799
Indonesia,2015,0.2587904951930675,0.5703755592378315,12927059,52786799
Indonesia,2016,1.0017901210166984,1.2829609160426643,12927059,52786799
Indonesia,2017,0.07981707208112843,0.7130608544761352,12927059,52786799
Indonesia,2018,0.09518793099033585,0.703867268026614,12927059,52786799
Indonesia,2019,0.06409037043924685,0.5544246014993256,12927059,52786799
Indonesia,2020,0.05801783684904664,0.388748709691603,12927059,52786799
Indonesia,2021,0.042267928072425444,0.2916638305724884,12927059,52786799
Indonesia,2022,0.04851064731738287,0.2423730978648658,12927059,52786799
Indonesia,2023,0.07503640232476698,0.5746645103447171,12927059,52786799
Indonesia,2024,0.06846104748187504,0.5770723093097576,12927059,52786799
Indonesia,2025,0.16151392207616597,0.6815738154533674,12927059,52786799
